<?xml version='1.0' encoding='ASCII'?>
<nursingHomeData>
  <header fileSpecVersion="4.00.0">
    <facilityId>5025</facilityId>
    <stateCode>TX</stateCode>
    <reportQuarter>1</reportQuarter>
    <federalFiscalYear>2026</federalFiscalYear>
  </header>
  <employees>
    <employee>
      <employeeId>60241308573b1900160b969d</employeeId>
    </employee>
    <employee>
      <employeeId>60356dad72aa500016d568fd</employeeId>
    </employee>
    <employee>
      <employeeId>60523c93e2e2f9001670b438</employeeId>
    </employee>
    <employee>
      <employeeId>60d25394015aaf016687f22b</employeeId>
    </employee>
    <employee>
      <employeeId>6103dfa19ef8de0166eb7790</employeeId>
    </employee>
    <employee>
      <employeeId>618b5d8a4ee42001863ccd8f</employeeId>
    </employee>
    <employee>
      <employeeId>61a952232fbfec01854ba823</employeeId>
    </employee>
    <employee>
      <employeeId>61abdca8c19d7501853d0085</employeeId>
    </employee>
    <employee>
      <employeeId>61cc8943711df4018ae69d05</employeeId>
    </employee>
    <employee>
      <employeeId>61dd8870ee55a4018a67f675</employeeId>
    </employee>
    <employee>
      <employeeId>61e83fdaff7e78018ba23aa5</employeeId>
    </employee>
    <employee>
      <employeeId>61f2e045d3121c018aed2aa4</employeeId>
    </employee>
    <employee>
      <employeeId>62c647d4f5014001c2b35dcd</employeeId>
    </employee>
    <employee>
      <employeeId>63116ac727e6fb01baf14562</employeeId>
    </employee>
    <employee>
      <employeeId>63db3bb108d1f56324dc4fdf</employeeId>
    </employee>
    <employee>
      <employeeId>63f6d245b57721d93e90d8e0</employeeId>
    </employee>
    <employee>
      <employeeId>64af1614deef5579a8683a30</employeeId>
    </employee>
    <employee>
      <employeeId>64cfeecdffacc00ad32b15d4</employeeId>
    </employee>
    <employee>
      <employeeId>64e3bf6d3aa6333ac6efcaaf</employeeId>
    </employee>
    <employee>
      <employeeId>6519da756d2dc285f328e4a7</employeeId>
    </employee>
    <employee>
      <employeeId>651d6825cc967a5cebe12e4e</employeeId>
    </employee>
    <employee>
      <employeeId>657da9f8d1bbdee1d125e962</employeeId>
    </employee>
    <employee>
      <employeeId>65ad25c646c0645699c60907</employeeId>
    </employee>
    <employee>
      <employeeId>666257d553f8a9d7f3c94193</employeeId>
    </employee>
    <employee>
      <employeeId>6682626b0c8bae033d0c200a</employeeId>
    </employee>
    <employee>
      <employeeId>66e1ba17f472d33b68ebf44d</employeeId>
    </employee>
    <employee>
      <employeeId>671b45d082fcef7cc3cee67c</employeeId>
    </employee>
    <employee>
      <employeeId>6723ec1d9dd6fa0b6886119d</employeeId>
    </employee>
    <employee>
      <employeeId>67ce9541e0766ed26a522883</employeeId>
    </employee>
    <employee>
      <employeeId>67df1fe5e0766ed26a3f679f</employeeId>
    </employee>
    <employee>
      <employeeId>67fe960cfc0ea34da86d02d6</employeeId>
    </employee>
    <employee>
      <employeeId>680ca9688b4ccbc7900ac098</employeeId>
    </employee>
    <employee>
      <employeeId>681696f98b4ccbc79035e67e</employeeId>
    </employee>
    <employee>
      <employeeId>682e734f2635b972aacdc1f8</employeeId>
    </employee>
    <employee>
      <employeeId>68c35ddd3f5d966d278af27e</employeeId>
    </employee>
    <employee>
      <employeeId>68f418928ccedb85bf605183</employeeId>
    </employee>
    <employee>
      <employeeId>690c9e538b37b3c4db820c80</employeeId>
    </employee>
    <employee>
      <employeeId>691fd1a54768f544d445929e</employeeId>
    </employee>
    <employee>
      <employeeId>JPADMIN</employeeId>
    </employee>
  </employees>
  <staffingHours processType="merge">
    <staffHours>
      <employeeId>60241308573b1900160b969d</employeeId>
      <workDays>
        <workDay>
          <date>2025-11-22</date>
          <hourEntries>
            <hourEntry>
              <hours>6.00</hours>
              <jobTitleCode>10</jobTitleCode>
              <payTypeCode>3</payTypeCode>
            </hourEntry>
          </hourEntries>
        </workDay>
        <workDay>
          <date>2025-11-23</date>
          <hourEntries>
            <hourEntry>
              <hours>5.47</hours>
              <jobTitleCode>10</jobTitleCode>
              <payTypeCode>3</payTypeCode>
            </hourEntry>
          </hourEntries>
        </workDay>
        <workDay>
          <date>2025-11-29</date>
          <hourEntries>
            <hourEntry>
              <hours>6.00</hours>
              <jobTitleCode>10</jobTitleCode>
              <payTypeCode>3</payTypeCode>
            </hourEntry>
          </hourEntries>
        </workDay>
        <workDay>
          <date>2025-11-30</date>
          <hourEntries>
            <hourEntry>
              <hours>5.40</hours>
              <jobTitleCode>10</jobTitleCode>
              <payTypeCode>3</payTypeCode>
            </hourEntry>
          </hourEntries>
        </workDay>
        <workDay>
          <date>2025-12-04</date>
          <hourEntries>
            <hourEntry>
              <hours>5.00</hours>
              <jobTitleCode>10</jobTitleCode>
              <payTypeCode>3</payTypeCode>
            </hourEntry>
          </hourEntries>
        </workDay>
        <workDay>
          <date>2025-12-05</date>
          <hourEntries>
            <hourEntry>
              <hours>2.00</hours>
              <jobTitleCode>10</jobTitleCode>
              <payTypeCode>3</payTypeCode>
            </hourEntry>
          </hourEntries>
        </workDay>
        <workDay>
          <date>2025-12-05</date>
          <hourEntries>
            <hourEntry>
              <hours>5.14</hours>
              <jobTitleCode>10</jobTitleCode>
              <payTypeCode>3</payTypeCode>
            </hourEntry>
          </hourEntries>
        </workDay>
        <workDay>
          <date>2025-12-06</date>
          <hourEntries>
            <hourEntry>
              <hours>5.44</hours>
              <jobTitleCode>10</jobTitleCode>
              <payTypeCode>3</payTypeCode>
            </hourEntry>
          </hourEntries>
        </workDay>
      </workDays>
    </staffHours>
    <staffHours>
      <employeeId>60356dad72aa500016d568fd</employeeId>
      <workDays>
        <workDay>
          <date>2025-12-03</date>
          <hourEntries>
            <hourEntry>
              <hours>7.30</hours>
              <jobTitleCode>9</jobTitleCode>
              <payTypeCode>3</payTypeCode>
            </hourEntry>
          </hourEntries>
        </workDay>
      </workDays>
    </staffHours>
    <staffHours>
      <employeeId>60523c93e2e2f9001670b438</employeeId>
      <workDays>
        <workDay>
          <date>2025-11-14</date>
          <hourEntries>
            <hourEntry>
              <hours>4.04</hours>
              <jobTitleCode>10</jobTitleCode>
              <payTypeCode>3</payTypeCode>
            </hourEntry>
          </hourEntries>
        </workDay>
      </workDays>
    </staffHours>
    <staffHours>
      <employeeId>60d25394015aaf016687f22b</employeeId>
      <workDays>
        <workDay>
          <date>2025-10-29</date>
          <hourEntries>
            <hourEntry>
              <hours>8.50</hours>
              <jobTitleCode>9</jobTitleCode>
              <payTypeCode>3</payTypeCode>
            </hourEntry>
          </hourEntries>
        </workDay>
      </workDays>
    </staffHours>
    <staffHours>
      <employeeId>6103dfa19ef8de0166eb7790</employeeId>
      <workDays>
        <workDay>
          <date>2025-12-11</date>
          <hourEntries>
            <hourEntry>
              <hours>7.75</hours>
              <jobTitleCode>10</jobTitleCode>
              <payTypeCode>3</payTypeCode>
            </hourEntry>
          </hourEntries>
        </workDay>
        <workDay>
          <date>2025-12-12</date>
          <hourEntries>
            <hourEntry>
              <hours>7.44</hours>
              <jobTitleCode>10</jobTitleCode>
              <payTypeCode>3</payTypeCode>
            </hourEntry>
          </hourEntries>
        </workDay>
        <workDay>
          <date>2025-12-12</date>
          <hourEntries>
            <hourEntry>
              <hours>2.00</hours>
              <jobTitleCode>10</jobTitleCode>
              <payTypeCode>3</payTypeCode>
            </hourEntry>
          </hourEntries>
        </workDay>
        <workDay>
          <date>2025-12-13</date>
          <hourEntries>
            <hourEntry>
              <hours>6.25</hours>
              <jobTitleCode>10</jobTitleCode>
              <payTypeCode>3</payTypeCode>
            </hourEntry>
          </hourEntries>
        </workDay>
        <workDay>
          <date>2025-12-22</date>
          <hourEntries>
            <hourEntry>
              <hours>6.75</hours>
              <jobTitleCode>10</jobTitleCode>
              <payTypeCode>3</payTypeCode>
            </hourEntry>
          </hourEntries>
        </workDay>
        <workDay>
          <date>2025-12-26</date>
          <hourEntries>
            <hourEntry>
              <hours>6.00</hours>
              <jobTitleCode>10</jobTitleCode>
              <payTypeCode>3</payTypeCode>
            </hourEntry>
          </hourEntries>
        </workDay>
        <workDay>
          <date>2025-12-27</date>
          <hourEntries>
            <hourEntry>
              <hours>5.89</hours>
              <jobTitleCode>10</jobTitleCode>
              <payTypeCode>3</payTypeCode>
            </hourEntry>
          </hourEntries>
        </workDay>
      </workDays>
    </staffHours>
    <staffHours>
      <employeeId>618b5d8a4ee42001863ccd8f</employeeId>
      <workDays>
        <workDay>
          <date>2025-11-20</date>
          <hourEntries>
            <hourEntry>
              <hours>7.44</hours>
              <jobTitleCode>9</jobTitleCode>
              <payTypeCode>3</payTypeCode>
            </hourEntry>
          </hourEntries>
        </workDay>
        <workDay>
          <date>2025-11-30</date>
          <hourEntries>
            <hourEntry>
              <hours>7.35</hours>
              <jobTitleCode>9</jobTitleCode>
              <payTypeCode>3</payTypeCode>
            </hourEntry>
          </hourEntries>
        </workDay>
        <workDay>
          <date>2025-12-05</date>
          <hourEntries>
            <hourEntry>
              <hours>6.69</hours>
              <jobTitleCode>9</jobTitleCode>
              <payTypeCode>3</payTypeCode>
            </hourEntry>
          </hourEntries>
        </workDay>
        <workDay>
          <date>2025-12-07</date>
          <hourEntries>
            <hourEntry>
              <hours>7.22</hours>
              <jobTitleCode>9</jobTitleCode>
              <payTypeCode>3</payTypeCode>
            </hourEntry>
          </hourEntries>
        </workDay>
        <workDay>
          <date>2025-12-08</date>
          <hourEntries>
            <hourEntry>
              <hours>7.44</hours>
              <jobTitleCode>9</jobTitleCode>
              <payTypeCode>3</payTypeCode>
            </hourEntry>
          </hourEntries>
        </workDay>
        <workDay>
          <date>2025-12-09</date>
          <hourEntries>
            <hourEntry>
              <hours>7.47</hours>
              <jobTitleCode>9</jobTitleCode>
              <payTypeCode>3</payTypeCode>
            </hourEntry>
          </hourEntries>
        </workDay>
        <workDay>
          <date>2025-12-10</date>
          <hourEntries>
            <hourEntry>
              <hours>7.64</hours>
              <jobTitleCode>9</jobTitleCode>
              <payTypeCode>3</payTypeCode>
            </hourEntry>
          </hourEntries>
        </workDay>
      </workDays>
    </staffHours>
    <staffHours>
      <employeeId>61a952232fbfec01854ba823</employeeId>
      <workDays>
        <workDay>
          <date>2025-12-27</date>
          <hourEntries>
            <hourEntry>
              <hours>7.67</hours>
              <jobTitleCode>10</jobTitleCode>
              <payTypeCode>3</payTypeCode>
            </hourEntry>
          </hourEntries>
        </workDay>
      </workDays>
    </staffHours>
    <staffHours>
      <employeeId>61abdca8c19d7501853d0085</employeeId>
      <workDays>
        <workDay>
          <date>2025-12-05</date>
          <hourEntries>
            <hourEntry>
              <hours>7.52</hours>
              <jobTitleCode>10</jobTitleCode>
              <payTypeCode>3</payTypeCode>
            </hourEntry>
          </hourEntries>
        </workDay>
        <workDay>
          <date>2025-12-20</date>
          <hourEntries>
            <hourEntry>
              <hours>7.57</hours>
              <jobTitleCode>10</jobTitleCode>
              <payTypeCode>3</payTypeCode>
            </hourEntry>
          </hourEntries>
        </workDay>
      </workDays>
    </staffHours>
    <staffHours>
      <employeeId>61cc8943711df4018ae69d05</employeeId>
      <workDays>
        <workDay>
          <date>2025-10-17</date>
          <hourEntries>
            <hourEntry>
              <hours>2.00</hours>
              <jobTitleCode>10</jobTitleCode>
              <payTypeCode>3</payTypeCode>
            </hourEntry>
          </hourEntries>
        </workDay>
        <workDay>
          <date>2025-10-18</date>
          <hourEntries>
            <hourEntry>
              <hours>5.55</hours>
              <jobTitleCode>10</jobTitleCode>
              <payTypeCode>3</payTypeCode>
            </hourEntry>
          </hourEntries>
        </workDay>
        <workDay>
          <date>2025-11-07</date>
          <hourEntries>
            <hourEntry>
              <hours>6.00</hours>
              <jobTitleCode>10</jobTitleCode>
              <payTypeCode>3</payTypeCode>
            </hourEntry>
          </hourEntries>
        </workDay>
        <workDay>
          <date>2025-11-08</date>
          <hourEntries>
            <hourEntry>
              <hours>5.70</hours>
              <jobTitleCode>10</jobTitleCode>
              <payTypeCode>3</payTypeCode>
            </hourEntry>
          </hourEntries>
        </workDay>
        <workDay>
          <date>2025-11-28</date>
          <hourEntries>
            <hourEntry>
              <hours>6.00</hours>
              <jobTitleCode>10</jobTitleCode>
              <payTypeCode>3</payTypeCode>
            </hourEntry>
          </hourEntries>
        </workDay>
        <workDay>
          <date>2025-11-29</date>
          <hourEntries>
            <hourEntry>
              <hours>5.49</hours>
              <jobTitleCode>10</jobTitleCode>
              <payTypeCode>3</payTypeCode>
            </hourEntry>
          </hourEntries>
        </workDay>
      </workDays>
    </staffHours>
    <staffHours>
      <employeeId>61dd8870ee55a4018a67f675</employeeId>
      <workDays>
        <workDay>
          <date>2025-11-04</date>
          <hourEntries>
            <hourEntry>
              <hours>6.57</hours>
              <jobTitleCode>10</jobTitleCode>
              <payTypeCode>3</payTypeCode>
            </hourEntry>
          </hourEntries>
        </workDay>
      </workDays>
    </staffHours>
    <staffHours>
      <employeeId>61e83fdaff7e78018ba23aa5</employeeId>
      <workDays>
        <workDay>
          <date>2025-10-31</date>
          <hourEntries>
            <hourEntry>
              <hours>6.00</hours>
              <jobTitleCode>10</jobTitleCode>
              <payTypeCode>3</payTypeCode>
            </hourEntry>
          </hourEntries>
        </workDay>
        <workDay>
          <date>2025-11-01</date>
          <hourEntries>
            <hourEntry>
              <hours>7.59</hours>
              <jobTitleCode>10</jobTitleCode>
              <payTypeCode>3</payTypeCode>
            </hourEntry>
          </hourEntries>
        </workDay>
        <workDay>
          <date>2025-11-01</date>
          <hourEntries>
            <hourEntry>
              <hours>7.00</hours>
              <jobTitleCode>10</jobTitleCode>
              <payTypeCode>3</payTypeCode>
            </hourEntry>
          </hourEntries>
        </workDay>
        <workDay>
          <date>2025-11-14</date>
          <hourEntries>
            <hourEntry>
              <hours>6.00</hours>
              <jobTitleCode>10</jobTitleCode>
              <payTypeCode>3</payTypeCode>
            </hourEntry>
          </hourEntries>
        </workDay>
        <workDay>
          <date>2025-11-15</date>
          <hourEntries>
            <hourEntry>
              <hours>7.52</hours>
              <jobTitleCode>10</jobTitleCode>
              <payTypeCode>3</payTypeCode>
            </hourEntry>
          </hourEntries>
        </workDay>
        <workDay>
          <date>2025-11-15</date>
          <hourEntries>
            <hourEntry>
              <hours>5.52</hours>
              <jobTitleCode>10</jobTitleCode>
              <payTypeCode>3</payTypeCode>
            </hourEntry>
          </hourEntries>
        </workDay>
        <workDay>
          <date>2025-11-20</date>
          <hourEntries>
            <hourEntry>
              <hours>6.00</hours>
              <jobTitleCode>10</jobTitleCode>
              <payTypeCode>3</payTypeCode>
            </hourEntry>
          </hourEntries>
        </workDay>
        <workDay>
          <date>2025-11-21</date>
          <hourEntries>
            <hourEntry>
              <hours>6.00</hours>
              <jobTitleCode>10</jobTitleCode>
              <payTypeCode>3</payTypeCode>
            </hourEntry>
          </hourEntries>
        </workDay>
        <workDay>
          <date>2025-11-21</date>
          <hourEntries>
            <hourEntry>
              <hours>5.69</hours>
              <jobTitleCode>10</jobTitleCode>
              <payTypeCode>3</payTypeCode>
            </hourEntry>
          </hourEntries>
        </workDay>
        <workDay>
          <date>2025-11-22</date>
          <hourEntries>
            <hourEntry>
              <hours>5.74</hours>
              <jobTitleCode>10</jobTitleCode>
              <payTypeCode>3</payTypeCode>
            </hourEntry>
          </hourEntries>
        </workDay>
        <workDay>
          <date>2025-12-05</date>
          <hourEntries>
            <hourEntry>
              <hours>2.00</hours>
              <jobTitleCode>10</jobTitleCode>
              <payTypeCode>3</payTypeCode>
            </hourEntry>
          </hourEntries>
        </workDay>
        <workDay>
          <date>2025-12-05</date>
          <hourEntries>
            <hourEntry>
              <hours>7.50</hours>
              <jobTitleCode>10</jobTitleCode>
              <payTypeCode>3</payTypeCode>
            </hourEntry>
          </hourEntries>
        </workDay>
        <workDay>
          <date>2025-12-06</date>
          <hourEntries>
            <hourEntry>
              <hours>5.57</hours>
              <jobTitleCode>10</jobTitleCode>
              <payTypeCode>3</payTypeCode>
            </hourEntry>
          </hourEntries>
        </workDay>
        <workDay>
          <date>2025-12-19</date>
          <hourEntries>
            <hourEntry>
              <hours>6.00</hours>
              <jobTitleCode>10</jobTitleCode>
              <payTypeCode>3</payTypeCode>
            </hourEntry>
          </hourEntries>
        </workDay>
        <workDay>
          <date>2025-12-20</date>
          <hourEntries>
            <hourEntry>
              <hours>9.00</hours>
              <jobTitleCode>10</jobTitleCode>
              <payTypeCode>3</payTypeCode>
            </hourEntry>
          </hourEntries>
        </workDay>
        <workDay>
          <date>2025-12-20</date>
          <hourEntries>
            <hourEntry>
              <hours>5.80</hours>
              <jobTitleCode>10</jobTitleCode>
              <payTypeCode>3</payTypeCode>
            </hourEntry>
          </hourEntries>
        </workDay>
        <workDay>
          <date>2025-12-21</date>
          <hourEntries>
            <hourEntry>
              <hours>7.74</hours>
              <jobTitleCode>10</jobTitleCode>
              <payTypeCode>3</payTypeCode>
            </hourEntry>
          </hourEntries>
        </workDay>
        <workDay>
          <date>2025-12-21</date>
          <hourEntries>
            <hourEntry>
              <hours>5.60</hours>
              <jobTitleCode>10</jobTitleCode>
              <payTypeCode>3</payTypeCode>
            </hourEntry>
          </hourEntries>
        </workDay>
        <workDay>
          <date>2025-12-25</date>
          <hourEntries>
            <hourEntry>
              <hours>7.57</hours>
              <jobTitleCode>10</jobTitleCode>
              <payTypeCode>3</payTypeCode>
            </hourEntry>
          </hourEntries>
        </workDay>
      </workDays>
    </staffHours>
    <staffHours>
      <employeeId>61f2e045d3121c018aed2aa4</employeeId>
      <workDays>
        <workDay>
          <date>2025-12-27</date>
          <hourEntries>
            <hourEntry>
              <hours>7.62</hours>
              <jobTitleCode>10</jobTitleCode>
              <payTypeCode>3</payTypeCode>
            </hourEntry>
          </hourEntries>
        </workDay>
      </workDays>
    </staffHours>
    <staffHours>
      <employeeId>62c647d4f5014001c2b35dcd</employeeId>
      <workDays>
        <workDay>
          <date>2025-12-06</date>
          <hourEntries>
            <hourEntry>
              <hours>7.44</hours>
              <jobTitleCode>10</jobTitleCode>
              <payTypeCode>3</payTypeCode>
            </hourEntry>
          </hourEntries>
        </workDay>
        <workDay>
          <date>2025-12-19</date>
          <hourEntries>
            <hourEntry>
              <hours>7.42</hours>
              <jobTitleCode>10</jobTitleCode>
              <payTypeCode>3</payTypeCode>
            </hourEntry>
          </hourEntries>
        </workDay>
      </workDays>
    </staffHours>
    <staffHours>
      <employeeId>63116ac727e6fb01baf14562</employeeId>
      <workDays>
        <workDay>
          <date>2025-10-03</date>
          <hourEntries>
            <hourEntry>
              <hours>6.00</hours>
              <jobTitleCode>10</jobTitleCode>
              <payTypeCode>3</payTypeCode>
            </hourEntry>
          </hourEntries>
        </workDay>
        <workDay>
          <date>2025-10-04</date>
          <hourEntries>
            <hourEntry>
              <hours>6.00</hours>
              <jobTitleCode>10</jobTitleCode>
              <payTypeCode>3</payTypeCode>
            </hourEntry>
          </hourEntries>
        </workDay>
        <workDay>
          <date>2025-10-04</date>
          <hourEntries>
            <hourEntry>
              <hours>5.49</hours>
              <jobTitleCode>10</jobTitleCode>
              <payTypeCode>3</payTypeCode>
            </hourEntry>
          </hourEntries>
        </workDay>
        <workDay>
          <date>2025-10-05</date>
          <hourEntries>
            <hourEntry>
              <hours>5.50</hours>
              <jobTitleCode>10</jobTitleCode>
              <payTypeCode>3</payTypeCode>
            </hourEntry>
          </hourEntries>
        </workDay>
        <workDay>
          <date>2025-10-10</date>
          <hourEntries>
            <hourEntry>
              <hours>2.00</hours>
              <jobTitleCode>10</jobTitleCode>
              <payTypeCode>3</payTypeCode>
            </hourEntry>
          </hourEntries>
        </workDay>
        <workDay>
          <date>2025-10-10</date>
          <hourEntries>
            <hourEntry>
              <hours>4.00</hours>
              <jobTitleCode>10</jobTitleCode>
              <payTypeCode>3</payTypeCode>
            </hourEntry>
          </hourEntries>
        </workDay>
        <workDay>
          <date>2025-10-11</date>
          <hourEntries>
            <hourEntry>
              <hours>4.05</hours>
              <jobTitleCode>10</jobTitleCode>
              <payTypeCode>3</payTypeCode>
            </hourEntry>
          </hourEntries>
        </workDay>
        <workDay>
          <date>2025-10-11</date>
          <hourEntries>
            <hourEntry>
              <hours>2.00</hours>
              <jobTitleCode>10</jobTitleCode>
              <payTypeCode>3</payTypeCode>
            </hourEntry>
          </hourEntries>
        </workDay>
        <workDay>
          <date>2025-10-11</date>
          <hourEntries>
            <hourEntry>
              <hours>5.49</hours>
              <jobTitleCode>10</jobTitleCode>
              <payTypeCode>3</payTypeCode>
            </hourEntry>
          </hourEntries>
        </workDay>
        <workDay>
          <date>2025-10-12</date>
          <hourEntries>
            <hourEntry>
              <hours>5.44</hours>
              <jobTitleCode>10</jobTitleCode>
              <payTypeCode>3</payTypeCode>
            </hourEntry>
          </hourEntries>
        </workDay>
        <workDay>
          <date>2025-10-18</date>
          <hourEntries>
            <hourEntry>
              <hours>2.00</hours>
              <jobTitleCode>10</jobTitleCode>
              <payTypeCode>3</payTypeCode>
            </hourEntry>
          </hourEntries>
        </workDay>
        <workDay>
          <date>2025-10-18</date>
          <hourEntries>
            <hourEntry>
              <hours>7.44</hours>
              <jobTitleCode>10</jobTitleCode>
              <payTypeCode>3</payTypeCode>
            </hourEntry>
          </hourEntries>
        </workDay>
        <workDay>
          <date>2025-10-19</date>
          <hourEntries>
            <hourEntry>
              <hours>5.44</hours>
              <jobTitleCode>10</jobTitleCode>
              <payTypeCode>3</payTypeCode>
            </hourEntry>
          </hourEntries>
        </workDay>
      </workDays>
    </staffHours>
    <staffHours>
      <employeeId>63db3bb108d1f56324dc4fdf</employeeId>
      <workDays>
        <workDay>
          <date>2025-11-06</date>
          <hourEntries>
            <hourEntry>
              <hours>2.00</hours>
              <jobTitleCode>10</jobTitleCode>
              <payTypeCode>3</payTypeCode>
            </hourEntry>
          </hourEntries>
        </workDay>
        <workDay>
          <date>2025-11-07</date>
          <hourEntries>
            <hourEntry>
              <hours>5.52</hours>
              <jobTitleCode>10</jobTitleCode>
              <payTypeCode>3</payTypeCode>
            </hourEntry>
          </hourEntries>
        </workDay>
      </workDays>
    </staffHours>
    <staffHours>
      <employeeId>63f6d245b57721d93e90d8e0</employeeId>
      <workDays>
        <workDay>
          <date>2025-11-07</date>
          <hourEntries>
            <hourEntry>
              <hours>7.50</hours>
              <jobTitleCode>10</jobTitleCode>
              <payTypeCode>3</payTypeCode>
            </hourEntry>
          </hourEntries>
        </workDay>
        <workDay>
          <date>2025-11-08</date>
          <hourEntries>
            <hourEntry>
              <hours>2.00</hours>
              <jobTitleCode>10</jobTitleCode>
              <payTypeCode>3</payTypeCode>
            </hourEntry>
          </hourEntries>
        </workDay>
        <workDay>
          <date>2025-11-08</date>
          <hourEntries>
            <hourEntry>
              <hours>7.77</hours>
              <jobTitleCode>10</jobTitleCode>
              <payTypeCode>3</payTypeCode>
            </hourEntry>
          </hourEntries>
        </workDay>
        <workDay>
          <date>2025-11-09</date>
          <hourEntries>
            <hourEntry>
              <hours>5.50</hours>
              <jobTitleCode>10</jobTitleCode>
              <payTypeCode>3</payTypeCode>
            </hourEntry>
          </hourEntries>
        </workDay>
      </workDays>
    </staffHours>
    <staffHours>
      <employeeId>64af1614deef5579a8683a30</employeeId>
      <workDays>
        <workDay>
          <date>2025-12-19</date>
          <hourEntries>
            <hourEntry>
              <hours>6.00</hours>
              <jobTitleCode>10</jobTitleCode>
              <payTypeCode>3</payTypeCode>
            </hourEntry>
          </hourEntries>
        </workDay>
        <workDay>
          <date>2025-12-20</date>
          <hourEntries>
            <hourEntry>
              <hours>5.50</hours>
              <jobTitleCode>10</jobTitleCode>
              <payTypeCode>3</payTypeCode>
            </hourEntry>
          </hourEntries>
        </workDay>
      </workDays>
    </staffHours>
    <staffHours>
      <employeeId>64cfeecdffacc00ad32b15d4</employeeId>
      <workDays>
        <workDay>
          <date>2025-10-13</date>
          <hourEntries>
            <hourEntry>
              <hours>11.59</hours>
              <jobTitleCode>10</jobTitleCode>
              <payTypeCode>3</payTypeCode>
            </hourEntry>
          </hourEntries>
        </workDay>
        <workDay>
          <date>2025-11-05</date>
          <hourEntries>
            <hourEntry>
              <hours>7.27</hours>
              <jobTitleCode>10</jobTitleCode>
              <payTypeCode>3</payTypeCode>
            </hourEntry>
          </hourEntries>
        </workDay>
      </workDays>
    </staffHours>
    <staffHours>
      <employeeId>64e3bf6d3aa6333ac6efcaaf</employeeId>
      <workDays>
        <workDay>
          <date>2025-11-13</date>
          <hourEntries>
            <hourEntry>
              <hours>6.00</hours>
              <jobTitleCode>10</jobTitleCode>
              <payTypeCode>3</payTypeCode>
            </hourEntry>
          </hourEntries>
        </workDay>
        <workDay>
          <date>2025-11-14</date>
          <hourEntries>
            <hourEntry>
              <hours>5.50</hours>
              <jobTitleCode>10</jobTitleCode>
              <payTypeCode>3</payTypeCode>
            </hourEntry>
          </hourEntries>
        </workDay>
        <workDay>
          <date>2025-11-21</date>
          <hourEntries>
            <hourEntry>
              <hours>11.69</hours>
              <jobTitleCode>10</jobTitleCode>
              <payTypeCode>3</payTypeCode>
            </hourEntry>
          </hourEntries>
        </workDay>
        <workDay>
          <date>2025-11-22</date>
          <hourEntries>
            <hourEntry>
              <hours>11.45</hours>
              <jobTitleCode>10</jobTitleCode>
              <payTypeCode>3</payTypeCode>
            </hourEntry>
          </hourEntries>
        </workDay>
        <workDay>
          <date>2025-12-26</date>
          <hourEntries>
            <hourEntry>
              <hours>7.50</hours>
              <jobTitleCode>10</jobTitleCode>
              <payTypeCode>3</payTypeCode>
            </hourEntry>
          </hourEntries>
        </workDay>
      </workDays>
    </staffHours>
    <staffHours>
      <employeeId>6519da756d2dc285f328e4a7</employeeId>
      <workDays>
        <workDay>
          <date>2025-11-28</date>
          <hourEntries>
            <hourEntry>
              <hours>10.00</hours>
              <jobTitleCode>10</jobTitleCode>
              <payTypeCode>3</payTypeCode>
            </hourEntry>
          </hourEntries>
        </workDay>
        <workDay>
          <date>2025-11-29</date>
          <hourEntries>
            <hourEntry>
              <hours>10.00</hours>
              <jobTitleCode>10</jobTitleCode>
              <payTypeCode>3</payTypeCode>
            </hourEntry>
          </hourEntries>
        </workDay>
        <workDay>
          <date>2025-11-29</date>
          <hourEntries>
            <hourEntry>
              <hours>5.54</hours>
              <jobTitleCode>10</jobTitleCode>
              <payTypeCode>3</payTypeCode>
            </hourEntry>
          </hourEntries>
        </workDay>
        <workDay>
          <date>2025-11-30</date>
          <hourEntries>
            <hourEntry>
              <hours>6.02</hours>
              <jobTitleCode>10</jobTitleCode>
              <payTypeCode>3</payTypeCode>
            </hourEntry>
          </hourEntries>
        </workDay>
        <workDay>
          <date>2025-11-30</date>
          <hourEntries>
            <hourEntry>
              <hours>7.59</hours>
              <jobTitleCode>10</jobTitleCode>
              <payTypeCode>3</payTypeCode>
            </hourEntry>
          </hourEntries>
        </workDay>
        <workDay>
          <date>2025-12-06</date>
          <hourEntries>
            <hourEntry>
              <hours>6.00</hours>
              <jobTitleCode>10</jobTitleCode>
              <payTypeCode>3</payTypeCode>
            </hourEntry>
          </hourEntries>
        </workDay>
        <workDay>
          <date>2025-12-07</date>
          <hourEntries>
            <hourEntry>
              <hours>5.99</hours>
              <jobTitleCode>10</jobTitleCode>
              <payTypeCode>3</payTypeCode>
            </hourEntry>
          </hourEntries>
        </workDay>
        <workDay>
          <date>2025-12-08</date>
          <hourEntries>
            <hourEntry>
              <hours>7.89</hours>
              <jobTitleCode>10</jobTitleCode>
              <payTypeCode>3</payTypeCode>
            </hourEntry>
          </hourEntries>
        </workDay>
        <workDay>
          <date>2025-12-09</date>
          <hourEntries>
            <hourEntry>
              <hours>7.87</hours>
              <jobTitleCode>10</jobTitleCode>
              <payTypeCode>3</payTypeCode>
            </hourEntry>
          </hourEntries>
        </workDay>
        <workDay>
          <date>2025-12-10</date>
          <hourEntries>
            <hourEntry>
              <hours>8.05</hours>
              <jobTitleCode>10</jobTitleCode>
              <payTypeCode>3</payTypeCode>
            </hourEntry>
          </hourEntries>
        </workDay>
        <workDay>
          <date>2025-12-14</date>
          <hourEntries>
            <hourEntry>
              <hours>7.92</hours>
              <jobTitleCode>10</jobTitleCode>
              <payTypeCode>3</payTypeCode>
            </hourEntry>
          </hourEntries>
        </workDay>
        <workDay>
          <date>2025-12-15</date>
          <hourEntries>
            <hourEntry>
              <hours>7.67</hours>
              <jobTitleCode>10</jobTitleCode>
              <payTypeCode>3</payTypeCode>
            </hourEntry>
          </hourEntries>
        </workDay>
        <workDay>
          <date>2025-12-16</date>
          <hourEntries>
            <hourEntry>
              <hours>7.94</hours>
              <jobTitleCode>10</jobTitleCode>
              <payTypeCode>3</payTypeCode>
            </hourEntry>
          </hourEntries>
        </workDay>
        <workDay>
          <date>2025-12-17</date>
          <hourEntries>
            <hourEntry>
              <hours>7.45</hours>
              <jobTitleCode>10</jobTitleCode>
              <payTypeCode>3</payTypeCode>
            </hourEntry>
          </hourEntries>
        </workDay>
        <workDay>
          <date>2025-12-18</date>
          <hourEntries>
            <hourEntry>
              <hours>2.00</hours>
              <jobTitleCode>10</jobTitleCode>
              <payTypeCode>3</payTypeCode>
            </hourEntry>
          </hourEntries>
        </workDay>
        <workDay>
          <date>2025-12-18</date>
          <hourEntries>
            <hourEntry>
              <hours>7.75</hours>
              <jobTitleCode>10</jobTitleCode>
              <payTypeCode>3</payTypeCode>
            </hourEntry>
          </hourEntries>
        </workDay>
        <workDay>
          <date>2025-12-19</date>
          <hourEntries>
            <hourEntry>
              <hours>5.65</hours>
              <jobTitleCode>10</jobTitleCode>
              <payTypeCode>3</payTypeCode>
            </hourEntry>
          </hourEntries>
        </workDay>
        <workDay>
          <date>2025-12-25</date>
          <hourEntries>
            <hourEntry>
              <hours>8.07</hours>
              <jobTitleCode>10</jobTitleCode>
              <payTypeCode>3</payTypeCode>
            </hourEntry>
          </hourEntries>
        </workDay>
        <workDay>
          <date>2025-12-25</date>
          <hourEntries>
            <hourEntry>
              <hours>2.00</hours>
              <jobTitleCode>10</jobTitleCode>
              <payTypeCode>3</payTypeCode>
            </hourEntry>
          </hourEntries>
        </workDay>
        <workDay>
          <date>2025-12-26</date>
          <hourEntries>
            <hourEntry>
              <hours>5.69</hours>
              <jobTitleCode>10</jobTitleCode>
              <payTypeCode>3</payTypeCode>
            </hourEntry>
          </hourEntries>
        </workDay>
        <workDay>
          <date>2025-12-28</date>
          <hourEntries>
            <hourEntry>
              <hours>7.92</hours>
              <jobTitleCode>10</jobTitleCode>
              <payTypeCode>3</payTypeCode>
            </hourEntry>
          </hourEntries>
        </workDay>
        <workDay>
          <date>2025-12-29</date>
          <hourEntries>
            <hourEntry>
              <hours>7.90</hours>
              <jobTitleCode>10</jobTitleCode>
              <payTypeCode>3</payTypeCode>
            </hourEntry>
          </hourEntries>
        </workDay>
      </workDays>
    </staffHours>
    <staffHours>
      <employeeId>651d6825cc967a5cebe12e4e</employeeId>
      <workDays>
        <workDay>
          <date>2025-10-11</date>
          <hourEntries>
            <hourEntry>
              <hours>6.57</hours>
              <jobTitleCode>10</jobTitleCode>
              <payTypeCode>3</payTypeCode>
            </hourEntry>
          </hourEntries>
        </workDay>
      </workDays>
    </staffHours>
    <staffHours>
      <employeeId>657da9f8d1bbdee1d125e962</employeeId>
      <workDays>
        <workDay>
          <date>2025-10-30</date>
          <hourEntries>
            <hourEntry>
              <hours>6.00</hours>
              <jobTitleCode>10</jobTitleCode>
              <payTypeCode>3</payTypeCode>
            </hourEntry>
          </hourEntries>
        </workDay>
        <workDay>
          <date>2025-10-31</date>
          <hourEntries>
            <hourEntry>
              <hours>6.00</hours>
              <jobTitleCode>10</jobTitleCode>
              <payTypeCode>3</payTypeCode>
            </hourEntry>
          </hourEntries>
        </workDay>
        <workDay>
          <date>2025-10-31</date>
          <hourEntries>
            <hourEntry>
              <hours>5.20</hours>
              <jobTitleCode>10</jobTitleCode>
              <payTypeCode>3</payTypeCode>
            </hourEntry>
          </hourEntries>
        </workDay>
        <workDay>
          <date>2025-11-01</date>
          <hourEntries>
            <hourEntry>
              <hours>6.19</hours>
              <jobTitleCode>10</jobTitleCode>
              <payTypeCode>3</payTypeCode>
            </hourEntry>
          </hourEntries>
        </workDay>
      </workDays>
    </staffHours>
    <staffHours>
      <employeeId>65ad25c646c0645699c60907</employeeId>
      <workDays>
        <workDay>
          <date>2025-10-11</date>
          <hourEntries>
            <hourEntry>
              <hours>7.52</hours>
              <jobTitleCode>9</jobTitleCode>
              <payTypeCode>3</payTypeCode>
            </hourEntry>
          </hourEntries>
        </workDay>
        <workDay>
          <date>2025-11-07</date>
          <hourEntries>
            <hourEntry>
              <hours>7.79</hours>
              <jobTitleCode>9</jobTitleCode>
              <payTypeCode>3</payTypeCode>
            </hourEntry>
          </hourEntries>
        </workDay>
        <workDay>
          <date>2025-11-07</date>
          <hourEntries>
            <hourEntry>
              <hours>7.44</hours>
              <jobTitleCode>9</jobTitleCode>
              <payTypeCode>3</payTypeCode>
            </hourEntry>
          </hourEntries>
        </workDay>
      </workDays>
    </staffHours>
    <staffHours>
      <employeeId>666257d553f8a9d7f3c94193</employeeId>
      <workDays>
        <workDay>
          <date>2025-11-27</date>
          <hourEntries>
            <hourEntry>
              <hours>6.00</hours>
              <jobTitleCode>10</jobTitleCode>
              <payTypeCode>3</payTypeCode>
            </hourEntry>
          </hourEntries>
        </workDay>
        <workDay>
          <date>2025-11-28</date>
          <hourEntries>
            <hourEntry>
              <hours>5.90</hours>
              <jobTitleCode>10</jobTitleCode>
              <payTypeCode>3</payTypeCode>
            </hourEntry>
          </hourEntries>
        </workDay>
      </workDays>
    </staffHours>
    <staffHours>
      <employeeId>6682626b0c8bae033d0c200a</employeeId>
      <workDays>
        <workDay>
          <date>2025-11-14</date>
          <hourEntries>
            <hourEntry>
              <hours>6.00</hours>
              <jobTitleCode>10</jobTitleCode>
              <payTypeCode>3</payTypeCode>
            </hourEntry>
          </hourEntries>
        </workDay>
        <workDay>
          <date>2025-11-15</date>
          <hourEntries>
            <hourEntry>
              <hours>5.50</hours>
              <jobTitleCode>10</jobTitleCode>
              <payTypeCode>3</payTypeCode>
            </hourEntry>
          </hourEntries>
        </workDay>
        <workDay>
          <date>2025-11-15</date>
          <hourEntries>
            <hourEntry>
              <hours>6.00</hours>
              <jobTitleCode>10</jobTitleCode>
              <payTypeCode>3</payTypeCode>
            </hourEntry>
          </hourEntries>
        </workDay>
        <workDay>
          <date>2025-11-16</date>
          <hourEntries>
            <hourEntry>
              <hours>5.67</hours>
              <jobTitleCode>10</jobTitleCode>
              <payTypeCode>3</payTypeCode>
            </hourEntry>
          </hourEntries>
        </workDay>
        <workDay>
          <date>2025-11-21</date>
          <hourEntries>
            <hourEntry>
              <hours>6.00</hours>
              <jobTitleCode>10</jobTitleCode>
              <payTypeCode>3</payTypeCode>
            </hourEntry>
          </hourEntries>
        </workDay>
        <workDay>
          <date>2025-11-22</date>
          <hourEntries>
            <hourEntry>
              <hours>5.64</hours>
              <jobTitleCode>10</jobTitleCode>
              <payTypeCode>3</payTypeCode>
            </hourEntry>
          </hourEntries>
        </workDay>
        <workDay>
          <date>2025-12-04</date>
          <hourEntries>
            <hourEntry>
              <hours>6.00</hours>
              <jobTitleCode>10</jobTitleCode>
              <payTypeCode>3</payTypeCode>
            </hourEntry>
          </hourEntries>
        </workDay>
        <workDay>
          <date>2025-12-05</date>
          <hourEntries>
            <hourEntry>
              <hours>1.02</hours>
              <jobTitleCode>10</jobTitleCode>
              <payTypeCode>3</payTypeCode>
            </hourEntry>
          </hourEntries>
        </workDay>
        <workDay>
          <date>2025-12-26</date>
          <hourEntries>
            <hourEntry>
              <hours>6.00</hours>
              <jobTitleCode>10</jobTitleCode>
              <payTypeCode>3</payTypeCode>
            </hourEntry>
          </hourEntries>
        </workDay>
        <workDay>
          <date>2025-12-27</date>
          <hourEntries>
            <hourEntry>
              <hours>5.69</hours>
              <jobTitleCode>10</jobTitleCode>
              <payTypeCode>3</payTypeCode>
            </hourEntry>
          </hourEntries>
        </workDay>
      </workDays>
    </staffHours>
    <staffHours>
      <employeeId>66e1ba17f472d33b68ebf44d</employeeId>
      <workDays>
        <workDay>
          <date>2025-10-24</date>
          <hourEntries>
            <hourEntry>
              <hours>2.00</hours>
              <jobTitleCode>10</jobTitleCode>
              <payTypeCode>3</payTypeCode>
            </hourEntry>
          </hourEntries>
        </workDay>
        <workDay>
          <date>2025-10-24</date>
          <hourEntries>
            <hourEntry>
              <hours>7.49</hours>
              <jobTitleCode>10</jobTitleCode>
              <payTypeCode>3</payTypeCode>
            </hourEntry>
          </hourEntries>
        </workDay>
        <workDay>
          <date>2025-10-25</date>
          <hourEntries>
            <hourEntry>
              <hours>5.65</hours>
              <jobTitleCode>10</jobTitleCode>
              <payTypeCode>3</payTypeCode>
            </hourEntry>
          </hourEntries>
        </workDay>
        <workDay>
          <date>2025-11-15</date>
          <hourEntries>
            <hourEntry>
              <hours>11.59</hours>
              <jobTitleCode>10</jobTitleCode>
              <payTypeCode>3</payTypeCode>
            </hourEntry>
          </hourEntries>
        </workDay>
        <workDay>
          <date>2025-11-21</date>
          <hourEntries>
            <hourEntry>
              <hours>11.50</hours>
              <jobTitleCode>10</jobTitleCode>
              <payTypeCode>3</payTypeCode>
            </hourEntry>
          </hourEntries>
        </workDay>
      </workDays>
    </staffHours>
    <staffHours>
      <employeeId>671b45d082fcef7cc3cee67c</employeeId>
      <workDays>
        <workDay>
          <date>2025-11-26</date>
          <hourEntries>
            <hourEntry>
              <hours>7.40</hours>
              <jobTitleCode>10</jobTitleCode>
              <payTypeCode>3</payTypeCode>
            </hourEntry>
          </hourEntries>
        </workDay>
        <workDay>
          <date>2025-11-30</date>
          <hourEntries>
            <hourEntry>
              <hours>7.27</hours>
              <jobTitleCode>10</jobTitleCode>
              <payTypeCode>3</payTypeCode>
            </hourEntry>
          </hourEntries>
        </workDay>
      </workDays>
    </staffHours>
    <staffHours>
      <employeeId>6723ec1d9dd6fa0b6886119d</employeeId>
      <workDays>
        <workDay>
          <date>2025-12-18</date>
          <hourEntries>
            <hourEntry>
              <hours>7.49</hours>
              <jobTitleCode>9</jobTitleCode>
              <payTypeCode>3</payTypeCode>
            </hourEntry>
          </hourEntries>
        </workDay>
        <workDay>
          <date>2025-12-19</date>
          <hourEntries>
            <hourEntry>
              <hours>6.25</hours>
              <jobTitleCode>9</jobTitleCode>
              <payTypeCode>3</payTypeCode>
            </hourEntry>
          </hourEntries>
        </workDay>
        <workDay>
          <date>2025-12-27</date>
          <hourEntries>
            <hourEntry>
              <hours>7.62</hours>
              <jobTitleCode>9</jobTitleCode>
              <payTypeCode>3</payTypeCode>
            </hourEntry>
          </hourEntries>
        </workDay>
      </workDays>
    </staffHours>
    <staffHours>
      <employeeId>67ce9541e0766ed26a522883</employeeId>
      <workDays>
        <workDay>
          <date>2025-10-16</date>
          <hourEntries>
            <hourEntry>
              <hours>2.00</hours>
              <jobTitleCode>10</jobTitleCode>
              <payTypeCode>3</payTypeCode>
            </hourEntry>
          </hourEntries>
        </workDay>
        <workDay>
          <date>2025-10-17</date>
          <hourEntries>
            <hourEntry>
              <hours>2.00</hours>
              <jobTitleCode>10</jobTitleCode>
              <payTypeCode>3</payTypeCode>
            </hourEntry>
          </hourEntries>
        </workDay>
        <workDay>
          <date>2025-10-17</date>
          <hourEntries>
            <hourEntry>
              <hours>7.57</hours>
              <jobTitleCode>10</jobTitleCode>
              <payTypeCode>3</payTypeCode>
            </hourEntry>
          </hourEntries>
        </workDay>
        <workDay>
          <date>2025-10-17</date>
          <hourEntries>
            <hourEntry>
              <hours>5.50</hours>
              <jobTitleCode>10</jobTitleCode>
              <payTypeCode>3</payTypeCode>
            </hourEntry>
          </hourEntries>
        </workDay>
        <workDay>
          <date>2025-10-18</date>
          <hourEntries>
            <hourEntry>
              <hours>5.52</hours>
              <jobTitleCode>10</jobTitleCode>
              <payTypeCode>3</payTypeCode>
            </hourEntry>
          </hourEntries>
        </workDay>
        <workDay>
          <date>2025-10-18</date>
          <hourEntries>
            <hourEntry>
              <hours>7.37</hours>
              <jobTitleCode>10</jobTitleCode>
              <payTypeCode>3</payTypeCode>
            </hourEntry>
          </hourEntries>
        </workDay>
        <workDay>
          <date>2025-12-27</date>
          <hourEntries>
            <hourEntry>
              <hours>7.67</hours>
              <jobTitleCode>10</jobTitleCode>
              <payTypeCode>3</payTypeCode>
            </hourEntry>
          </hourEntries>
        </workDay>
        <workDay>
          <date>2025-12-30</date>
          <hourEntries>
            <hourEntry>
              <hours>2.00</hours>
              <jobTitleCode>10</jobTitleCode>
              <payTypeCode>3</payTypeCode>
            </hourEntry>
          </hourEntries>
        </workDay>
        <workDay>
          <date>2025-12-30</date>
          <hourEntries>
            <hourEntry>
              <hours>7.35</hours>
              <jobTitleCode>10</jobTitleCode>
              <payTypeCode>3</payTypeCode>
            </hourEntry>
          </hourEntries>
        </workDay>
        <workDay>
          <date>2025-12-31</date>
          <hourEntries>
            <hourEntry>
              <hours>5.57</hours>
              <jobTitleCode>10</jobTitleCode>
              <payTypeCode>3</payTypeCode>
            </hourEntry>
          </hourEntries>
        </workDay>
      </workDays>
    </staffHours>
    <staffHours>
      <employeeId>67df1fe5e0766ed26a3f679f</employeeId>
      <workDays>
        <workDay>
          <date>2025-11-07</date>
          <hourEntries>
            <hourEntry>
              <hours>2.00</hours>
              <jobTitleCode>10</jobTitleCode>
              <payTypeCode>3</payTypeCode>
            </hourEntry>
          </hourEntries>
        </workDay>
        <workDay>
          <date>2025-11-07</date>
          <hourEntries>
            <hourEntry>
              <hours>7.54</hours>
              <jobTitleCode>10</jobTitleCode>
              <payTypeCode>3</payTypeCode>
            </hourEntry>
          </hourEntries>
        </workDay>
        <workDay>
          <date>2025-11-08</date>
          <hourEntries>
            <hourEntry>
              <hours>6.05</hours>
              <jobTitleCode>10</jobTitleCode>
              <payTypeCode>3</payTypeCode>
            </hourEntry>
          </hourEntries>
        </workDay>
      </workDays>
    </staffHours>
    <staffHours>
      <employeeId>67fe960cfc0ea34da86d02d6</employeeId>
      <workDays>
        <workDay>
          <date>2025-11-17</date>
          <hourEntries>
            <hourEntry>
              <hours>7.29</hours>
              <jobTitleCode>10</jobTitleCode>
              <payTypeCode>3</payTypeCode>
            </hourEntry>
          </hourEntries>
        </workDay>
        <workDay>
          <date>2025-11-23</date>
          <hourEntries>
            <hourEntry>
              <hours>7.10</hours>
              <jobTitleCode>10</jobTitleCode>
              <payTypeCode>3</payTypeCode>
            </hourEntry>
          </hourEntries>
        </workDay>
        <workDay>
          <date>2025-11-24</date>
          <hourEntries>
            <hourEntry>
              <hours>7.50</hours>
              <jobTitleCode>10</jobTitleCode>
              <payTypeCode>3</payTypeCode>
            </hourEntry>
          </hourEntries>
        </workDay>
        <workDay>
          <date>2025-12-04</date>
          <hourEntries>
            <hourEntry>
              <hours>7.87</hours>
              <jobTitleCode>10</jobTitleCode>
              <payTypeCode>3</payTypeCode>
            </hourEntry>
          </hourEntries>
        </workDay>
      </workDays>
    </staffHours>
    <staffHours>
      <employeeId>680ca9688b4ccbc7900ac098</employeeId>
      <workDays>
        <workDay>
          <date>2025-10-31</date>
          <hourEntries>
            <hourEntry>
              <hours>5.30</hours>
              <jobTitleCode>10</jobTitleCode>
              <payTypeCode>3</payTypeCode>
            </hourEntry>
          </hourEntries>
        </workDay>
      </workDays>
    </staffHours>
    <staffHours>
      <employeeId>681696f98b4ccbc79035e67e</employeeId>
      <workDays>
        <workDay>
          <date>2025-12-07</date>
          <hourEntries>
            <hourEntry>
              <hours>6.59</hours>
              <jobTitleCode>10</jobTitleCode>
              <payTypeCode>3</payTypeCode>
            </hourEntry>
          </hourEntries>
        </workDay>
      </workDays>
    </staffHours>
    <staffHours>
      <employeeId>682e734f2635b972aacdc1f8</employeeId>
      <workDays>
        <workDay>
          <date>2025-12-05</date>
          <hourEntries>
            <hourEntry>
              <hours>2.00</hours>
              <jobTitleCode>9</jobTitleCode>
              <payTypeCode>3</payTypeCode>
            </hourEntry>
          </hourEntries>
        </workDay>
        <workDay>
          <date>2025-12-05</date>
          <hourEntries>
            <hourEntry>
              <hours>7.07</hours>
              <jobTitleCode>9</jobTitleCode>
              <payTypeCode>3</payTypeCode>
            </hourEntry>
          </hourEntries>
        </workDay>
        <workDay>
          <date>2025-12-06</date>
          <hourEntries>
            <hourEntry>
              <hours>5.54</hours>
              <jobTitleCode>9</jobTitleCode>
              <payTypeCode>3</payTypeCode>
            </hourEntry>
          </hourEntries>
        </workDay>
        <workDay>
          <date>2025-12-06</date>
          <hourEntries>
            <hourEntry>
              <hours>7.52</hours>
              <jobTitleCode>9</jobTitleCode>
              <payTypeCode>3</payTypeCode>
            </hourEntry>
          </hourEntries>
        </workDay>
        <workDay>
          <date>2025-12-12</date>
          <hourEntries>
            <hourEntry>
              <hours>7.72</hours>
              <jobTitleCode>9</jobTitleCode>
              <payTypeCode>3</payTypeCode>
            </hourEntry>
          </hourEntries>
        </workDay>
        <workDay>
          <date>2025-12-12</date>
          <hourEntries>
            <hourEntry>
              <hours>7.47</hours>
              <jobTitleCode>9</jobTitleCode>
              <payTypeCode>3</payTypeCode>
            </hourEntry>
          </hourEntries>
        </workDay>
        <workDay>
          <date>2025-12-14</date>
          <hourEntries>
            <hourEntry>
              <hours>7.54</hours>
              <jobTitleCode>9</jobTitleCode>
              <payTypeCode>3</payTypeCode>
            </hourEntry>
          </hourEntries>
        </workDay>
        <workDay>
          <date>2025-12-15</date>
          <hourEntries>
            <hourEntry>
              <hours>7.57</hours>
              <jobTitleCode>9</jobTitleCode>
              <payTypeCode>3</payTypeCode>
            </hourEntry>
          </hourEntries>
        </workDay>
        <workDay>
          <date>2025-12-16</date>
          <hourEntries>
            <hourEntry>
              <hours>7.50</hours>
              <jobTitleCode>9</jobTitleCode>
              <payTypeCode>3</payTypeCode>
            </hourEntry>
          </hourEntries>
        </workDay>
        <workDay>
          <date>2025-12-17</date>
          <hourEntries>
            <hourEntry>
              <hours>7.32</hours>
              <jobTitleCode>9</jobTitleCode>
              <payTypeCode>3</payTypeCode>
            </hourEntry>
          </hourEntries>
        </workDay>
        <workDay>
          <date>2025-12-18</date>
          <hourEntries>
            <hourEntry>
              <hours>7.50</hours>
              <jobTitleCode>9</jobTitleCode>
              <payTypeCode>3</payTypeCode>
            </hourEntry>
          </hourEntries>
        </workDay>
        <workDay>
          <date>2025-12-18</date>
          <hourEntries>
            <hourEntry>
              <hours>2.00</hours>
              <jobTitleCode>9</jobTitleCode>
              <payTypeCode>3</payTypeCode>
            </hourEntry>
          </hourEntries>
        </workDay>
        <workDay>
          <date>2025-12-19</date>
          <hourEntries>
            <hourEntry>
              <hours>7.50</hours>
              <jobTitleCode>9</jobTitleCode>
              <payTypeCode>3</payTypeCode>
            </hourEntry>
          </hourEntries>
        </workDay>
        <workDay>
          <date>2025-12-19</date>
          <hourEntries>
            <hourEntry>
              <hours>2.00</hours>
              <jobTitleCode>9</jobTitleCode>
              <payTypeCode>3</payTypeCode>
            </hourEntry>
          </hourEntries>
        </workDay>
        <workDay>
          <date>2025-12-19</date>
          <hourEntries>
            <hourEntry>
              <hours>5.80</hours>
              <jobTitleCode>9</jobTitleCode>
              <payTypeCode>3</payTypeCode>
            </hourEntry>
          </hourEntries>
        </workDay>
        <workDay>
          <date>2025-12-20</date>
          <hourEntries>
            <hourEntry>
              <hours>7.67</hours>
              <jobTitleCode>9</jobTitleCode>
              <payTypeCode>3</payTypeCode>
            </hourEntry>
          </hourEntries>
        </workDay>
        <workDay>
          <date>2025-12-20</date>
          <hourEntries>
            <hourEntry>
              <hours>5.60</hours>
              <jobTitleCode>9</jobTitleCode>
              <payTypeCode>3</payTypeCode>
            </hourEntry>
          </hourEntries>
        </workDay>
        <workDay>
          <date>2025-12-21</date>
          <hourEntries>
            <hourEntry>
              <hours>7.39</hours>
              <jobTitleCode>9</jobTitleCode>
              <payTypeCode>3</payTypeCode>
            </hourEntry>
          </hourEntries>
        </workDay>
        <workDay>
          <date>2025-12-21</date>
          <hourEntries>
            <hourEntry>
              <hours>7.69</hours>
              <jobTitleCode>9</jobTitleCode>
              <payTypeCode>3</payTypeCode>
            </hourEntry>
          </hourEntries>
        </workDay>
        <workDay>
          <date>2025-12-22</date>
          <hourEntries>
            <hourEntry>
              <hours>7.55</hours>
              <jobTitleCode>9</jobTitleCode>
              <payTypeCode>3</payTypeCode>
            </hourEntry>
          </hourEntries>
        </workDay>
        <workDay>
          <date>2025-12-22</date>
          <hourEntries>
            <hourEntry>
              <hours>7.50</hours>
              <jobTitleCode>9</jobTitleCode>
              <payTypeCode>3</payTypeCode>
            </hourEntry>
          </hourEntries>
        </workDay>
        <workDay>
          <date>2025-12-23</date>
          <hourEntries>
            <hourEntry>
              <hours>7.54</hours>
              <jobTitleCode>9</jobTitleCode>
              <payTypeCode>3</payTypeCode>
            </hourEntry>
          </hourEntries>
        </workDay>
        <workDay>
          <date>2025-12-24</date>
          <hourEntries>
            <hourEntry>
              <hours>7.75</hours>
              <jobTitleCode>9</jobTitleCode>
              <payTypeCode>3</payTypeCode>
            </hourEntry>
          </hourEntries>
        </workDay>
        <workDay>
          <date>2025-12-25</date>
          <hourEntries>
            <hourEntry>
              <hours>2.00</hours>
              <jobTitleCode>9</jobTitleCode>
              <payTypeCode>3</payTypeCode>
            </hourEntry>
          </hourEntries>
        </workDay>
        <workDay>
          <date>2025-12-25</date>
          <hourEntries>
            <hourEntry>
              <hours>7.52</hours>
              <jobTitleCode>9</jobTitleCode>
              <payTypeCode>3</payTypeCode>
            </hourEntry>
          </hourEntries>
        </workDay>
        <workDay>
          <date>2025-12-26</date>
          <hourEntries>
            <hourEntry>
              <hours>6.89</hours>
              <jobTitleCode>9</jobTitleCode>
              <payTypeCode>3</payTypeCode>
            </hourEntry>
          </hourEntries>
        </workDay>
        <workDay>
          <date>2025-12-26</date>
          <hourEntries>
            <hourEntry>
              <hours>2.00</hours>
              <jobTitleCode>9</jobTitleCode>
              <payTypeCode>3</payTypeCode>
            </hourEntry>
          </hourEntries>
        </workDay>
        <workDay>
          <date>2025-12-26</date>
          <hourEntries>
            <hourEntry>
              <hours>4.22</hours>
              <jobTitleCode>9</jobTitleCode>
              <payTypeCode>3</payTypeCode>
            </hourEntry>
          </hourEntries>
        </workDay>
        <workDay>
          <date>2025-12-27</date>
          <hourEntries>
            <hourEntry>
              <hours>5.54</hours>
              <jobTitleCode>9</jobTitleCode>
              <payTypeCode>3</payTypeCode>
            </hourEntry>
          </hourEntries>
        </workDay>
        <workDay>
          <date>2025-12-27</date>
          <hourEntries>
            <hourEntry>
              <hours>7.49</hours>
              <jobTitleCode>9</jobTitleCode>
              <payTypeCode>3</payTypeCode>
            </hourEntry>
          </hourEntries>
        </workDay>
        <workDay>
          <date>2025-12-27</date>
          <hourEntries>
            <hourEntry>
              <hours>2.00</hours>
              <jobTitleCode>9</jobTitleCode>
              <payTypeCode>3</payTypeCode>
            </hourEntry>
          </hourEntries>
        </workDay>
        <workDay>
          <date>2025-12-28</date>
          <hourEntries>
            <hourEntry>
              <hours>7.44</hours>
              <jobTitleCode>9</jobTitleCode>
              <payTypeCode>3</payTypeCode>
            </hourEntry>
          </hourEntries>
        </workDay>
        <workDay>
          <date>2025-12-28</date>
          <hourEntries>
            <hourEntry>
              <hours>2.00</hours>
              <jobTitleCode>9</jobTitleCode>
              <payTypeCode>3</payTypeCode>
            </hourEntry>
          </hourEntries>
        </workDay>
        <workDay>
          <date>2025-12-28</date>
          <hourEntries>
            <hourEntry>
              <hours>5.45</hours>
              <jobTitleCode>9</jobTitleCode>
              <payTypeCode>3</payTypeCode>
            </hourEntry>
          </hourEntries>
        </workDay>
        <workDay>
          <date>2025-12-29</date>
          <hourEntries>
            <hourEntry>
              <hours>5.50</hours>
              <jobTitleCode>9</jobTitleCode>
              <payTypeCode>3</payTypeCode>
            </hourEntry>
          </hourEntries>
        </workDay>
        <workDay>
          <date>2025-12-29</date>
          <hourEntries>
            <hourEntry>
              <hours>6.29</hours>
              <jobTitleCode>9</jobTitleCode>
              <payTypeCode>3</payTypeCode>
            </hourEntry>
          </hourEntries>
        </workDay>
        <workDay>
          <date>2025-12-30</date>
          <hourEntries>
            <hourEntry>
              <hours>7.19</hours>
              <jobTitleCode>9</jobTitleCode>
              <payTypeCode>3</payTypeCode>
            </hourEntry>
          </hourEntries>
        </workDay>
      </workDays>
    </staffHours>
    <staffHours>
      <employeeId>68c35ddd3f5d966d278af27e</employeeId>
      <workDays>
        <workDay>
          <date>2025-11-15</date>
          <hourEntries>
            <hourEntry>
              <hours>7.12</hours>
              <jobTitleCode>10</jobTitleCode>
              <payTypeCode>3</payTypeCode>
            </hourEntry>
          </hourEntries>
        </workDay>
      </workDays>
    </staffHours>
    <staffHours>
      <employeeId>68f418928ccedb85bf605183</employeeId>
      <workDays>
        <workDay>
          <date>2025-11-22</date>
          <hourEntries>
            <hourEntry>
              <hours>9.65</hours>
              <jobTitleCode>10</jobTitleCode>
              <payTypeCode>3</payTypeCode>
            </hourEntry>
          </hourEntries>
        </workDay>
        <workDay>
          <date>2025-11-23</date>
          <hourEntries>
            <hourEntry>
              <hours>7.34</hours>
              <jobTitleCode>10</jobTitleCode>
              <payTypeCode>3</payTypeCode>
            </hourEntry>
          </hourEntries>
        </workDay>
        <workDay>
          <date>2025-11-24</date>
          <hourEntries>
            <hourEntry>
              <hours>7.50</hours>
              <jobTitleCode>10</jobTitleCode>
              <payTypeCode>3</payTypeCode>
            </hourEntry>
          </hourEntries>
        </workDay>
        <workDay>
          <date>2025-11-25</date>
          <hourEntries>
            <hourEntry>
              <hours>6.34</hours>
              <jobTitleCode>10</jobTitleCode>
              <payTypeCode>3</payTypeCode>
            </hourEntry>
          </hourEntries>
        </workDay>
        <workDay>
          <date>2025-11-28</date>
          <hourEntries>
            <hourEntry>
              <hours>7.40</hours>
              <jobTitleCode>10</jobTitleCode>
              <payTypeCode>3</payTypeCode>
            </hourEntry>
          </hourEntries>
        </workDay>
        <workDay>
          <date>2025-11-29</date>
          <hourEntries>
            <hourEntry>
              <hours>7.54</hours>
              <jobTitleCode>10</jobTitleCode>
              <payTypeCode>3</payTypeCode>
            </hourEntry>
          </hourEntries>
        </workDay>
        <workDay>
          <date>2025-11-30</date>
          <hourEntries>
            <hourEntry>
              <hours>11.60</hours>
              <jobTitleCode>10</jobTitleCode>
              <payTypeCode>3</payTypeCode>
            </hourEntry>
          </hourEntries>
        </workDay>
        <workDay>
          <date>2025-12-01</date>
          <hourEntries>
            <hourEntry>
              <hours>7.49</hours>
              <jobTitleCode>10</jobTitleCode>
              <payTypeCode>3</payTypeCode>
            </hourEntry>
          </hourEntries>
        </workDay>
        <workDay>
          <date>2025-12-02</date>
          <hourEntries>
            <hourEntry>
              <hours>7.49</hours>
              <jobTitleCode>10</jobTitleCode>
              <payTypeCode>3</payTypeCode>
            </hourEntry>
          </hourEntries>
        </workDay>
        <workDay>
          <date>2025-12-04</date>
          <hourEntries>
            <hourEntry>
              <hours>0.85</hours>
              <jobTitleCode>10</jobTitleCode>
              <payTypeCode>3</payTypeCode>
            </hourEntry>
          </hourEntries>
        </workDay>
      </workDays>
    </staffHours>
    <staffHours>
      <employeeId>690c9e538b37b3c4db820c80</employeeId>
      <workDays>
        <workDay>
          <date>2025-11-27</date>
          <hourEntries>
            <hourEntry>
              <hours>7.62</hours>
              <jobTitleCode>9</jobTitleCode>
              <payTypeCode>3</payTypeCode>
            </hourEntry>
          </hourEntries>
        </workDay>
        <workDay>
          <date>2025-11-28</date>
          <hourEntries>
            <hourEntry>
              <hours>7.27</hours>
              <jobTitleCode>9</jobTitleCode>
              <payTypeCode>3</payTypeCode>
            </hourEntry>
          </hourEntries>
        </workDay>
        <workDay>
          <date>2025-12-01</date>
          <hourEntries>
            <hourEntry>
              <hours>7.44</hours>
              <jobTitleCode>9</jobTitleCode>
              <payTypeCode>3</payTypeCode>
            </hourEntry>
          </hourEntries>
        </workDay>
        <workDay>
          <date>2025-12-02</date>
          <hourEntries>
            <hourEntry>
              <hours>5.79</hours>
              <jobTitleCode>9</jobTitleCode>
              <payTypeCode>3</payTypeCode>
            </hourEntry>
          </hourEntries>
        </workDay>
        <workDay>
          <date>2025-12-11</date>
          <hourEntries>
            <hourEntry>
              <hours>7.37</hours>
              <jobTitleCode>9</jobTitleCode>
              <payTypeCode>3</payTypeCode>
            </hourEntry>
          </hourEntries>
        </workDay>
        <workDay>
          <date>2025-12-11</date>
          <hourEntries>
            <hourEntry>
              <hours>7.69</hours>
              <jobTitleCode>9</jobTitleCode>
              <payTypeCode>3</payTypeCode>
            </hourEntry>
          </hourEntries>
        </workDay>
        <workDay>
          <date>2025-12-12</date>
          <hourEntries>
            <hourEntry>
              <hours>2.00</hours>
              <jobTitleCode>9</jobTitleCode>
              <payTypeCode>3</payTypeCode>
            </hourEntry>
          </hourEntries>
        </workDay>
        <workDay>
          <date>2025-12-12</date>
          <hourEntries>
            <hourEntry>
              <hours>7.57</hours>
              <jobTitleCode>9</jobTitleCode>
              <payTypeCode>3</payTypeCode>
            </hourEntry>
          </hourEntries>
        </workDay>
        <workDay>
          <date>2025-12-13</date>
          <hourEntries>
            <hourEntry>
              <hours>5.04</hours>
              <jobTitleCode>9</jobTitleCode>
              <payTypeCode>3</payTypeCode>
            </hourEntry>
          </hourEntries>
        </workDay>
        <workDay>
          <date>2025-12-15</date>
          <hourEntries>
            <hourEntry>
              <hours>7.62</hours>
              <jobTitleCode>9</jobTitleCode>
              <payTypeCode>3</payTypeCode>
            </hourEntry>
          </hourEntries>
        </workDay>
        <workDay>
          <date>2025-12-18</date>
          <hourEntries>
            <hourEntry>
              <hours>7.79</hours>
              <jobTitleCode>9</jobTitleCode>
              <payTypeCode>3</payTypeCode>
            </hourEntry>
          </hourEntries>
        </workDay>
        <workDay>
          <date>2025-12-19</date>
          <hourEntries>
            <hourEntry>
              <hours>7.47</hours>
              <jobTitleCode>9</jobTitleCode>
              <payTypeCode>3</payTypeCode>
            </hourEntry>
          </hourEntries>
        </workDay>
        <workDay>
          <date>2025-12-20</date>
          <hourEntries>
            <hourEntry>
              <hours>7.47</hours>
              <jobTitleCode>9</jobTitleCode>
              <payTypeCode>3</payTypeCode>
            </hourEntry>
          </hourEntries>
        </workDay>
        <workDay>
          <date>2025-12-20</date>
          <hourEntries>
            <hourEntry>
              <hours>7.42</hours>
              <jobTitleCode>9</jobTitleCode>
              <payTypeCode>3</payTypeCode>
            </hourEntry>
          </hourEntries>
        </workDay>
      </workDays>
    </staffHours>
    <staffHours>
      <employeeId>691fd1a54768f544d445929e</employeeId>
      <workDays>
        <workDay>
          <date>2025-12-12</date>
          <hourEntries>
            <hourEntry>
              <hours>2.00</hours>
              <jobTitleCode>10</jobTitleCode>
              <payTypeCode>3</payTypeCode>
            </hourEntry>
          </hourEntries>
        </workDay>
        <workDay>
          <date>2025-12-12</date>
          <hourEntries>
            <hourEntry>
              <hours>7.40</hours>
              <jobTitleCode>10</jobTitleCode>
              <payTypeCode>3</payTypeCode>
            </hourEntry>
          </hourEntries>
        </workDay>
        <workDay>
          <date>2025-12-13</date>
          <hourEntries>
            <hourEntry>
              <hours>2.00</hours>
              <jobTitleCode>10</jobTitleCode>
              <payTypeCode>3</payTypeCode>
            </hourEntry>
          </hourEntries>
        </workDay>
        <workDay>
          <date>2025-12-13</date>
          <hourEntries>
            <hourEntry>
              <hours>7.30</hours>
              <jobTitleCode>10</jobTitleCode>
              <payTypeCode>3</payTypeCode>
            </hourEntry>
          </hourEntries>
        </workDay>
        <workDay>
          <date>2025-12-13</date>
          <hourEntries>
            <hourEntry>
              <hours>6.22</hours>
              <jobTitleCode>10</jobTitleCode>
              <payTypeCode>3</payTypeCode>
            </hourEntry>
          </hourEntries>
        </workDay>
        <workDay>
          <date>2025-12-14</date>
          <hourEntries>
            <hourEntry>
              <hours>5.47</hours>
              <jobTitleCode>10</jobTitleCode>
              <payTypeCode>3</payTypeCode>
            </hourEntry>
          </hourEntries>
        </workDay>
      </workDays>
    </staffHours>
    <staffHours>
      <employeeId>JPADMIN</employeeId>
      <workDays>
        <workDay>
          <date>2025-10-01</date>
          <hourEntries>
            <hourEntry>
              <hours>8.00</hours>
              <jobTitleCode>1</jobTitleCode>
              <payTypeCode>2</payTypeCode>
            </hourEntry>
          </hourEntries>
        </workDay>
        <workDay>
          <date>2025-10-02</date>
          <hourEntries>
            <hourEntry>
              <hours>8.00</hours>
              <jobTitleCode>1</jobTitleCode>
              <payTypeCode>2</payTypeCode>
            </hourEntry>
          </hourEntries>
        </workDay>
        <workDay>
          <date>2025-10-03</date>
          <hourEntries>
            <hourEntry>
              <hours>8.00</hours>
              <jobTitleCode>1</jobTitleCode>
              <payTypeCode>2</payTypeCode>
            </hourEntry>
          </hourEntries>
        </workDay>
        <workDay>
          <date>2025-10-06</date>
          <hourEntries>
            <hourEntry>
              <hours>8.00</hours>
              <jobTitleCode>1</jobTitleCode>
              <payTypeCode>2</payTypeCode>
            </hourEntry>
          </hourEntries>
        </workDay>
        <workDay>
          <date>2025-10-07</date>
          <hourEntries>
            <hourEntry>
              <hours>8.00</hours>
              <jobTitleCode>1</jobTitleCode>
              <payTypeCode>2</payTypeCode>
            </hourEntry>
          </hourEntries>
        </workDay>
        <workDay>
          <date>2025-10-08</date>
          <hourEntries>
            <hourEntry>
              <hours>8.00</hours>
              <jobTitleCode>1</jobTitleCode>
              <payTypeCode>2</payTypeCode>
            </hourEntry>
          </hourEntries>
        </workDay>
        <workDay>
          <date>2025-10-09</date>
          <hourEntries>
            <hourEntry>
              <hours>8.00</hours>
              <jobTitleCode>1</jobTitleCode>
              <payTypeCode>2</payTypeCode>
            </hourEntry>
          </hourEntries>
        </workDay>
        <workDay>
          <date>2025-10-10</date>
          <hourEntries>
            <hourEntry>
              <hours>8.00</hours>
              <jobTitleCode>1</jobTitleCode>
              <payTypeCode>2</payTypeCode>
            </hourEntry>
          </hourEntries>
        </workDay>
        <workDay>
          <date>2025-10-13</date>
          <hourEntries>
            <hourEntry>
              <hours>8.00</hours>
              <jobTitleCode>1</jobTitleCode>
              <payTypeCode>2</payTypeCode>
            </hourEntry>
          </hourEntries>
        </workDay>
        <workDay>
          <date>2025-10-14</date>
          <hourEntries>
            <hourEntry>
              <hours>8.00</hours>
              <jobTitleCode>1</jobTitleCode>
              <payTypeCode>2</payTypeCode>
            </hourEntry>
          </hourEntries>
        </workDay>
        <workDay>
          <date>2025-10-15</date>
          <hourEntries>
            <hourEntry>
              <hours>8.00</hours>
              <jobTitleCode>1</jobTitleCode>
              <payTypeCode>2</payTypeCode>
            </hourEntry>
          </hourEntries>
        </workDay>
        <workDay>
          <date>2025-10-16</date>
          <hourEntries>
            <hourEntry>
              <hours>8.00</hours>
              <jobTitleCode>1</jobTitleCode>
              <payTypeCode>2</payTypeCode>
            </hourEntry>
          </hourEntries>
        </workDay>
        <workDay>
          <date>2025-10-17</date>
          <hourEntries>
            <hourEntry>
              <hours>8.00</hours>
              <jobTitleCode>1</jobTitleCode>
              <payTypeCode>2</payTypeCode>
            </hourEntry>
          </hourEntries>
        </workDay>
        <workDay>
          <date>2025-10-20</date>
          <hourEntries>
            <hourEntry>
              <hours>8.00</hours>
              <jobTitleCode>1</jobTitleCode>
              <payTypeCode>2</payTypeCode>
            </hourEntry>
          </hourEntries>
        </workDay>
        <workDay>
          <date>2025-10-21</date>
          <hourEntries>
            <hourEntry>
              <hours>8.00</hours>
              <jobTitleCode>1</jobTitleCode>
              <payTypeCode>2</payTypeCode>
            </hourEntry>
          </hourEntries>
        </workDay>
        <workDay>
          <date>2025-10-22</date>
          <hourEntries>
            <hourEntry>
              <hours>8.00</hours>
              <jobTitleCode>1</jobTitleCode>
              <payTypeCode>2</payTypeCode>
            </hourEntry>
          </hourEntries>
        </workDay>
        <workDay>
          <date>2025-10-23</date>
          <hourEntries>
            <hourEntry>
              <hours>8.00</hours>
              <jobTitleCode>1</jobTitleCode>
              <payTypeCode>2</payTypeCode>
            </hourEntry>
          </hourEntries>
        </workDay>
        <workDay>
          <date>2025-10-24</date>
          <hourEntries>
            <hourEntry>
              <hours>8.00</hours>
              <jobTitleCode>1</jobTitleCode>
              <payTypeCode>2</payTypeCode>
            </hourEntry>
          </hourEntries>
        </workDay>
        <workDay>
          <date>2025-10-27</date>
          <hourEntries>
            <hourEntry>
              <hours>8.00</hours>
              <jobTitleCode>1</jobTitleCode>
              <payTypeCode>2</payTypeCode>
            </hourEntry>
          </hourEntries>
        </workDay>
        <workDay>
          <date>2025-10-28</date>
          <hourEntries>
            <hourEntry>
              <hours>8.00</hours>
              <jobTitleCode>1</jobTitleCode>
              <payTypeCode>2</payTypeCode>
            </hourEntry>
          </hourEntries>
        </workDay>
        <workDay>
          <date>2025-10-29</date>
          <hourEntries>
            <hourEntry>
              <hours>8.00</hours>
              <jobTitleCode>1</jobTitleCode>
              <payTypeCode>2</payTypeCode>
            </hourEntry>
          </hourEntries>
        </workDay>
        <workDay>
          <date>2025-10-30</date>
          <hourEntries>
            <hourEntry>
              <hours>8.00</hours>
              <jobTitleCode>1</jobTitleCode>
              <payTypeCode>2</payTypeCode>
            </hourEntry>
          </hourEntries>
        </workDay>
        <workDay>
          <date>2025-10-31</date>
          <hourEntries>
            <hourEntry>
              <hours>8.00</hours>
              <jobTitleCode>1</jobTitleCode>
              <payTypeCode>2</payTypeCode>
            </hourEntry>
          </hourEntries>
        </workDay>
        <workDay>
          <date>2025-11-03</date>
          <hourEntries>
            <hourEntry>
              <hours>8.00</hours>
              <jobTitleCode>1</jobTitleCode>
              <payTypeCode>2</payTypeCode>
            </hourEntry>
          </hourEntries>
        </workDay>
        <workDay>
          <date>2025-11-04</date>
          <hourEntries>
            <hourEntry>
              <hours>8.00</hours>
              <jobTitleCode>1</jobTitleCode>
              <payTypeCode>2</payTypeCode>
            </hourEntry>
          </hourEntries>
        </workDay>
        <workDay>
          <date>2025-11-05</date>
          <hourEntries>
            <hourEntry>
              <hours>8.00</hours>
              <jobTitleCode>1</jobTitleCode>
              <payTypeCode>2</payTypeCode>
            </hourEntry>
          </hourEntries>
        </workDay>
        <workDay>
          <date>2025-11-06</date>
          <hourEntries>
            <hourEntry>
              <hours>8.00</hours>
              <jobTitleCode>1</jobTitleCode>
              <payTypeCode>2</payTypeCode>
            </hourEntry>
          </hourEntries>
        </workDay>
        <workDay>
          <date>2025-11-07</date>
          <hourEntries>
            <hourEntry>
              <hours>8.00</hours>
              <jobTitleCode>1</jobTitleCode>
              <payTypeCode>2</payTypeCode>
            </hourEntry>
          </hourEntries>
        </workDay>
        <workDay>
          <date>2025-11-10</date>
          <hourEntries>
            <hourEntry>
              <hours>8.00</hours>
              <jobTitleCode>1</jobTitleCode>
              <payTypeCode>2</payTypeCode>
            </hourEntry>
          </hourEntries>
        </workDay>
        <workDay>
          <date>2025-11-11</date>
          <hourEntries>
            <hourEntry>
              <hours>8.00</hours>
              <jobTitleCode>1</jobTitleCode>
              <payTypeCode>2</payTypeCode>
            </hourEntry>
          </hourEntries>
        </workDay>
        <workDay>
          <date>2025-11-12</date>
          <hourEntries>
            <hourEntry>
              <hours>8.00</hours>
              <jobTitleCode>1</jobTitleCode>
              <payTypeCode>2</payTypeCode>
            </hourEntry>
          </hourEntries>
        </workDay>
        <workDay>
          <date>2025-11-13</date>
          <hourEntries>
            <hourEntry>
              <hours>8.00</hours>
              <jobTitleCode>1</jobTitleCode>
              <payTypeCode>2</payTypeCode>
            </hourEntry>
          </hourEntries>
        </workDay>
        <workDay>
          <date>2025-11-14</date>
          <hourEntries>
            <hourEntry>
              <hours>8.00</hours>
              <jobTitleCode>1</jobTitleCode>
              <payTypeCode>2</payTypeCode>
            </hourEntry>
          </hourEntries>
        </workDay>
        <workDay>
          <date>2025-11-17</date>
          <hourEntries>
            <hourEntry>
              <hours>8.00</hours>
              <jobTitleCode>1</jobTitleCode>
              <payTypeCode>2</payTypeCode>
            </hourEntry>
          </hourEntries>
        </workDay>
        <workDay>
          <date>2025-11-18</date>
          <hourEntries>
            <hourEntry>
              <hours>8.00</hours>
              <jobTitleCode>1</jobTitleCode>
              <payTypeCode>2</payTypeCode>
            </hourEntry>
          </hourEntries>
        </workDay>
        <workDay>
          <date>2025-11-19</date>
          <hourEntries>
            <hourEntry>
              <hours>8.00</hours>
              <jobTitleCode>1</jobTitleCode>
              <payTypeCode>2</payTypeCode>
            </hourEntry>
          </hourEntries>
        </workDay>
        <workDay>
          <date>2025-11-20</date>
          <hourEntries>
            <hourEntry>
              <hours>8.00</hours>
              <jobTitleCode>1</jobTitleCode>
              <payTypeCode>2</payTypeCode>
            </hourEntry>
          </hourEntries>
        </workDay>
        <workDay>
          <date>2025-11-21</date>
          <hourEntries>
            <hourEntry>
              <hours>8.00</hours>
              <jobTitleCode>1</jobTitleCode>
              <payTypeCode>2</payTypeCode>
            </hourEntry>
          </hourEntries>
        </workDay>
        <workDay>
          <date>2025-11-24</date>
          <hourEntries>
            <hourEntry>
              <hours>8.00</hours>
              <jobTitleCode>1</jobTitleCode>
              <payTypeCode>2</payTypeCode>
            </hourEntry>
          </hourEntries>
        </workDay>
        <workDay>
          <date>2025-11-25</date>
          <hourEntries>
            <hourEntry>
              <hours>8.00</hours>
              <jobTitleCode>1</jobTitleCode>
              <payTypeCode>2</payTypeCode>
            </hourEntry>
          </hourEntries>
        </workDay>
        <workDay>
          <date>2025-11-26</date>
          <hourEntries>
            <hourEntry>
              <hours>8.00</hours>
              <jobTitleCode>1</jobTitleCode>
              <payTypeCode>2</payTypeCode>
            </hourEntry>
          </hourEntries>
        </workDay>
        <workDay>
          <date>2025-11-27</date>
          <hourEntries>
            <hourEntry>
              <hours>8.00</hours>
              <jobTitleCode>1</jobTitleCode>
              <payTypeCode>2</payTypeCode>
            </hourEntry>
          </hourEntries>
        </workDay>
        <workDay>
          <date>2025-11-28</date>
          <hourEntries>
            <hourEntry>
              <hours>8.00</hours>
              <jobTitleCode>1</jobTitleCode>
              <payTypeCode>2</payTypeCode>
            </hourEntry>
          </hourEntries>
        </workDay>
        <workDay>
          <date>2025-12-01</date>
          <hourEntries>
            <hourEntry>
              <hours>8.00</hours>
              <jobTitleCode>1</jobTitleCode>
              <payTypeCode>2</payTypeCode>
            </hourEntry>
          </hourEntries>
        </workDay>
        <workDay>
          <date>2025-12-02</date>
          <hourEntries>
            <hourEntry>
              <hours>8.00</hours>
              <jobTitleCode>1</jobTitleCode>
              <payTypeCode>2</payTypeCode>
            </hourEntry>
          </hourEntries>
        </workDay>
        <workDay>
          <date>2025-12-03</date>
          <hourEntries>
            <hourEntry>
              <hours>8.00</hours>
              <jobTitleCode>1</jobTitleCode>
              <payTypeCode>2</payTypeCode>
            </hourEntry>
          </hourEntries>
        </workDay>
        <workDay>
          <date>2025-12-04</date>
          <hourEntries>
            <hourEntry>
              <hours>8.00</hours>
              <jobTitleCode>1</jobTitleCode>
              <payTypeCode>2</payTypeCode>
            </hourEntry>
          </hourEntries>
        </workDay>
        <workDay>
          <date>2025-12-05</date>
          <hourEntries>
            <hourEntry>
              <hours>8.00</hours>
              <jobTitleCode>1</jobTitleCode>
              <payTypeCode>2</payTypeCode>
            </hourEntry>
          </hourEntries>
        </workDay>
        <workDay>
          <date>2025-12-08</date>
          <hourEntries>
            <hourEntry>
              <hours>8.00</hours>
              <jobTitleCode>1</jobTitleCode>
              <payTypeCode>2</payTypeCode>
            </hourEntry>
          </hourEntries>
        </workDay>
        <workDay>
          <date>2025-12-09</date>
          <hourEntries>
            <hourEntry>
              <hours>8.00</hours>
              <jobTitleCode>1</jobTitleCode>
              <payTypeCode>2</payTypeCode>
            </hourEntry>
          </hourEntries>
        </workDay>
        <workDay>
          <date>2025-12-10</date>
          <hourEntries>
            <hourEntry>
              <hours>8.00</hours>
              <jobTitleCode>1</jobTitleCode>
              <payTypeCode>2</payTypeCode>
            </hourEntry>
          </hourEntries>
        </workDay>
        <workDay>
          <date>2025-12-11</date>
          <hourEntries>
            <hourEntry>
              <hours>8.00</hours>
              <jobTitleCode>1</jobTitleCode>
              <payTypeCode>2</payTypeCode>
            </hourEntry>
          </hourEntries>
        </workDay>
        <workDay>
          <date>2025-12-12</date>
          <hourEntries>
            <hourEntry>
              <hours>8.00</hours>
              <jobTitleCode>1</jobTitleCode>
              <payTypeCode>2</payTypeCode>
            </hourEntry>
          </hourEntries>
        </workDay>
        <workDay>
          <date>2025-12-15</date>
          <hourEntries>
            <hourEntry>
              <hours>8.00</hours>
              <jobTitleCode>1</jobTitleCode>
              <payTypeCode>2</payTypeCode>
            </hourEntry>
          </hourEntries>
        </workDay>
        <workDay>
          <date>2025-12-16</date>
          <hourEntries>
            <hourEntry>
              <hours>8.00</hours>
              <jobTitleCode>1</jobTitleCode>
              <payTypeCode>2</payTypeCode>
            </hourEntry>
          </hourEntries>
        </workDay>
        <workDay>
          <date>2025-12-17</date>
          <hourEntries>
            <hourEntry>
              <hours>8.00</hours>
              <jobTitleCode>1</jobTitleCode>
              <payTypeCode>2</payTypeCode>
            </hourEntry>
          </hourEntries>
        </workDay>
        <workDay>
          <date>2025-12-18</date>
          <hourEntries>
            <hourEntry>
              <hours>8.00</hours>
              <jobTitleCode>1</jobTitleCode>
              <payTypeCode>2</payTypeCode>
            </hourEntry>
          </hourEntries>
        </workDay>
        <workDay>
          <date>2025-12-19</date>
          <hourEntries>
            <hourEntry>
              <hours>8.00</hours>
              <jobTitleCode>1</jobTitleCode>
              <payTypeCode>2</payTypeCode>
            </hourEntry>
          </hourEntries>
        </workDay>
        <workDay>
          <date>2025-12-22</date>
          <hourEntries>
            <hourEntry>
              <hours>8.00</hours>
              <jobTitleCode>1</jobTitleCode>
              <payTypeCode>2</payTypeCode>
            </hourEntry>
          </hourEntries>
        </workDay>
        <workDay>
          <date>2025-12-23</date>
          <hourEntries>
            <hourEntry>
              <hours>8.00</hours>
              <jobTitleCode>1</jobTitleCode>
              <payTypeCode>2</payTypeCode>
            </hourEntry>
          </hourEntries>
        </workDay>
        <workDay>
          <date>2025-12-24</date>
          <hourEntries>
            <hourEntry>
              <hours>8.00</hours>
              <jobTitleCode>1</jobTitleCode>
              <payTypeCode>2</payTypeCode>
            </hourEntry>
          </hourEntries>
        </workDay>
        <workDay>
          <date>2025-12-25</date>
          <hourEntries>
            <hourEntry>
              <hours>8.00</hours>
              <jobTitleCode>1</jobTitleCode>
              <payTypeCode>2</payTypeCode>
            </hourEntry>
          </hourEntries>
        </workDay>
        <workDay>
          <date>2025-12-26</date>
          <hourEntries>
            <hourEntry>
              <hours>8.00</hours>
              <jobTitleCode>1</jobTitleCode>
              <payTypeCode>2</payTypeCode>
            </hourEntry>
          </hourEntries>
        </workDay>
        <workDay>
          <date>2025-12-29</date>
          <hourEntries>
            <hourEntry>
              <hours>8.00</hours>
              <jobTitleCode>1</jobTitleCode>
              <payTypeCode>2</payTypeCode>
            </hourEntry>
          </hourEntries>
        </workDay>
        <workDay>
          <date>2025-12-30</date>
          <hourEntries>
            <hourEntry>
              <hours>8.00</hours>
              <jobTitleCode>1</jobTitleCode>
              <payTypeCode>2</payTypeCode>
            </hourEntry>
          </hourEntries>
        </workDay>
        <workDay>
          <date>2025-12-31</date>
          <hourEntries>
            <hourEntry>
              <hours>8.00</hours>
              <jobTitleCode>1</jobTitleCode>
              <payTypeCode>2</payTypeCode>
            </hourEntry>
          </hourEntries>
        </workDay>
      </workDays>
    </staffHours>
  </staffingHours>
</nursingHomeData>